camera_frame,camera_time,trial_time
1,9994.3910132,0
2,9994.3951798,0.00417
3,9994.3993464,0.00833
4,9994.403513,0.0125
5,9994.4076796,0.01667
6,9994.4118462,0.02083
7,9994.4160128,0.025
8,9994.4201794,0.02917
9,9994.424346,0.03333
10,9994.4285126,0.0375
11,9994.4326792,0.04167
12,9994.4368458,0.04583
13,9994.4410124,0.05
14,9994.445179,0.05417
15,9994.4493456,0.05833
16,9994.4535122,0.0625
17,9994.4576788,0.06667
18,9994.4618454,0.07083
19,9994.466012,0.075
20,9994.4701786,0.07917
21,9994.4743452,0.08333
22,9994.4785118,0.0875
23,9994.4826784,0.09167
24,9994.486845,0.09583
25,9994.4910116,0.1
26,9994.4951782,0.10417
27,9994.4993448,0.10833
28,9994.5035114,0.1125
29,9994.507678,0.11667
30,9994.5118446,0.12083
31,9994.5160112,0.125
32,9994.5201778,0.12917
33,9994.5243444,0.13333
34,9994.528511,0.1375
35,9994.5326776,0.14167
36,9994.5368442,0.14583
37,9994.5410108,0.15
38,9994.5451774,0.15417
39,9994.549344,0.15833
40,9994.5535106,0.1625
41,9994.5576772,0.16667
42,9994.5618438,0.17083
43,9994.5660104,0.175
44,9994.570177,0.17917
45,9994.5743436,0.18333
46,9994.5785102,0.1875
47,9994.5826768,0.19167
48,9994.5868434,0.19583
49,9994.59101,0.2
50,9994.5951766,0.20417
51,9994.5993432,0.20833
52,9994.6035098,0.2125
53,9994.6076764,0.21667
54,9994.611843,0.22083
55,9994.6160096,0.225
56,9994.6201762,0.22917
57,9994.6243428,0.23333
58,9994.6285094,0.2375
59,9994.632676,0.24167
60,9994.6368426,0.24583
61,9994.6410092,0.25
62,9994.6451758,0.25417
63,9994.6493424,0.25833
64,9994.653509,0.2625
65,9994.6576756,0.26667
66,9994.6618422,0.27083
67,9994.6660088,0.275
68,9994.6701754,0.27917
69,9994.674342,0.28333
70,9994.6785086,0.2875
71,9994.6826752,0.29167
72,9994.6868418,0.29583
73,9994.6910084,0.3
74,9994.695175,0.30417
75,9994.6993416,0.30833
76,9994.7035082,0.3125
77,9994.7076748,0.31667
78,9994.7118414,0.32083
79,9994.716008,0.325
80,9994.7201746,0.32917
81,9994.7243412,0.33333
82,9994.7285078,0.3375
83,9994.7326744,0.34167
84,9994.736841,0.34583
85,9994.7410076,0.35
86,9994.7451742,0.35417
87,9994.7493408,0.35833
88,9994.7535074,0.3625
89,9994.757674,0.36667
90,9994.7618406,0.37083
91,9994.7660072,0.375
92,9994.7701738,0.37917
93,9994.7743404,0.38333
94,9994.778507,0.3875
95,9994.7826736,0.39167
96,9994.7868402,0.39583
97,9994.7910068,0.4
98,9994.7951734,0.40417
99,9994.79934,0.40833
100,9994.8035066,0.4125
101,9994.8076732,0.41667
102,9994.8118398,0.42083
103,9994.8160064,0.425
104,9994.820173,0.42917
105,9994.8243396,0.43333
106,9994.8285062,0.4375
107,9994.8326728,0.44167
108,9994.8368394,0.44583
109,9994.841006,0.45
110,9994.8451726,0.45417
111,9994.8493392,0.45833
112,9994.8535058,0.4625
113,9994.8576724,0.46667
114,9994.861839,0.47083
115,9994.8660056,0.475
116,9994.8701722,0.47917
117,9994.8743388,0.48333
118,9994.8785054,0.4875
119,9994.882672,0.49167
120,9994.8868386,0.49583
121,9994.8910052,0.5
122,9994.8951718,0.50417
123,9994.8993384,0.50833
124,9994.903505,0.5125
125,9994.9076716,0.51667
126,9994.9118382,0.52083
127,9994.9160048,0.525
128,9994.9201714,0.52917
129,9994.924338,0.53333
130,9994.9285046,0.5375
131,9994.9326712,0.54167
132,9994.9368378,0.54583
133,9994.9410044,0.55
134,9994.945171,0.55417
135,9994.9493376,0.55833
136,9994.9535042,0.5625
137,9994.9576708,0.56667
138,9994.9618374,0.57083
139,9994.966004,0.575
140,9994.9701706,0.57917
141,9994.9743372,0.58333
142,9994.9785038,0.5875
143,9994.9826704,0.59167
144,9994.986837,0.59583
145,9994.9910036,0.6
146,9994.9951702,0.60417
147,9994.9993368,0.60833
148,9995.0035034,0.6125
149,9995.00767,0.61667
150,9995.0118366,0.62083
151,9995.0160032,0.625
152,9995.0201698,0.62917
153,9995.0243364,0.63333
154,9995.028503,0.6375
155,9995.0326696,0.64167
156,9995.0368362,0.64583
157,9995.0410028,0.65
158,9995.0451694,0.65417
159,9995.049336,0.65833
160,9995.0535026,0.6625
161,9995.0576692,0.66667
162,9995.0618358,0.67083
163,9995.0660024,0.675
164,9995.070169,0.67917
165,9995.0743356,0.68333
166,9995.0785022,0.6875
167,9995.0826688,0.69167
168,9995.0868354,0.69583
169,9995.091002,0.7
170,9995.0951686,0.70417
171,9995.0993352,0.70833
172,9995.1035018,0.7125
173,9995.1076684,0.71667
174,9995.111835,0.72083
175,9995.1160016,0.725
176,9995.1201682,0.72917
177,9995.1243348,0.73333
178,9995.1285014,0.7375
179,9995.132668,0.74167
180,9995.1368346,0.74583
181,9995.1410012,0.75
182,9995.1451678,0.75417
183,9995.1493344,0.75833
184,9995.153501,0.7625
185,9995.1576676,0.76667
186,9995.1618342,0.77083
187,9995.1660008,0.775
188,9995.1701674,0.77917
189,9995.174334,0.78333
190,9995.1785006,0.7875
191,9995.1826672,0.79167
192,9995.1868338,0.79583
193,9995.1910004,0.8
194,9995.195167,0.80417
195,9995.1993336,0.80833
196,9995.2035002,0.8125
197,9995.2076668,0.81667
198,9995.2118334,0.82083
199,9995.216,0.825
200,9995.2201666,0.82917
201,9995.2243332,0.83333
202,9995.2284998,0.8375
203,9995.2326664,0.84167
204,9995.236833,0.84583
205,9995.2409996,0.85
206,9995.2451662,0.85417
207,9995.2493328,0.85833
208,9995.2534994,0.8625
209,9995.257666,0.86667
210,9995.2618326,0.87083
211,9995.2659992,0.875
212,9995.2701658,0.87917
213,9995.2743324,0.88333
214,9995.278499,0.8875
215,9995.2826656,0.89167
216,9995.2868322,0.89583
217,9995.2909988,0.9
218,9995.2951654,0.90417
219,9995.299332,0.90833
220,9995.3034986,0.9125
221,9995.3076652,0.91667
222,9995.3118318,0.92083
223,9995.3159984,0.925
224,9995.320165,0.92917
225,9995.3243316,0.93333
226,9995.3284982,0.9375
227,9995.3326648,0.94167
228,9995.3368314,0.94583
229,9995.340998,0.95
230,9995.3451646,0.95417
231,9995.3493312,0.95833
232,9995.3534978,0.9625
233,9995.3576644,0.96667
234,9995.361831,0.97083
235,9995.3659976,0.975
236,9995.3701642,0.97917
237,9995.3743308,0.98333
238,9995.3784974,0.9875
239,9995.382664,0.99167
240,9995.3868306,0.99583
241,9995.3909972,1
242,9995.3951638,1.00417
243,9995.3993304,1.00833
244,9995.403497,1.0125
245,9995.4076636,1.01667
246,9995.4118302,1.02083
247,9995.4159968,1.025
248,9995.4201634,1.02917
249,9995.42433,1.03333
250,9995.4284966,1.0375
251,9995.4326632,1.04167
252,9995.4368298,1.04583
253,9995.4409964,1.05
254,9995.445163,1.05417
255,9995.4493296,1.05833
256,9995.4534962,1.0625
257,9995.4576628,1.06667
258,9995.4618294,1.07083
259,9995.465996,1.075
260,9995.4701626,1.07917
261,9995.4743292,1.08333
262,9995.4784958,1.0875
263,9995.4826624,1.09167
264,9995.486829,1.09583
265,9995.4909956,1.1
266,9995.4951622,1.10417
267,9995.4993288,1.10833
268,9995.5034954,1.1125
269,9995.507662,1.11667
270,9995.5118286,1.12083
271,9995.5159952,1.125
272,9995.5201618,1.12917
273,9995.5243284,1.13333
274,9995.528495,1.1375
275,9995.5326616,1.14167
276,9995.5368282,1.14583
277,9995.5409948,1.15
278,9995.5451614,1.15417
279,9995.549328,1.15833
280,9995.5534946,1.1625
281,9995.5576612,1.16667
282,9995.5618278,1.17083
283,9995.5659944,1.175
284,9995.570161,1.17917
285,9995.5743276,1.18333
286,9995.5784942,1.1875
287,9995.5826608,1.19167
288,9995.5868274,1.19583
289,9995.590994,1.2
290,9995.5951606,1.20417
291,9995.5993272,1.20833
292,9995.6034938,1.2125
293,9995.6076604,1.21667
294,9995.611827,1.22083
295,9995.6159936,1.225
296,9995.6201602,1.22917
297,9995.6243268,1.23333
298,9995.6284934,1.2375
299,9995.63266,1.24167
300,9995.6368266,1.24583
301,9995.6409932,1.25
302,9995.6451598,1.25417
303,9995.6493264,1.25833
304,9995.653493,1.2625
305,9995.6576596,1.26667
306,9995.6618262,1.27083
307,9995.6659928,1.275
308,9995.6701594,1.27917
309,9995.674326,1.28333
310,9995.6784926,1.2875
311,9995.6826592,1.29167
312,9995.6868258,1.29583
313,9995.6909924,1.3
314,9995.695159,1.30417
315,9995.6993256,1.30833
316,9995.7034922,1.3125
317,9995.7076588,1.31667
318,9995.7118254,1.32083
319,9995.715992,1.325
320,9995.7201586,1.32917
321,9995.7243252,1.33333
322,9995.7284918,1.3375
323,9995.7326584,1.34167
324,9995.736825,1.34583
325,9995.7409916,1.35
326,9995.7451582,1.35417
327,9995.7493248,1.35833
328,9995.7534914,1.3625
329,9995.757658,1.36667
330,9995.7618246,1.37083
331,9995.7659912,1.375
332,9995.7701578,1.37917
333,9995.7743244,1.38333
334,9995.778491,1.3875
335,9995.7826576,1.39167
336,9995.7868242,1.39583
337,9995.7909908,1.4
338,9995.7951574,1.40417
339,9995.799324,1.40833
340,9995.8034906,1.4125
341,9995.8076572,1.41667
342,9995.8118238,1.42083
343,9995.8159904,1.425
344,9995.820157,1.42917
345,9995.8243236,1.43333
346,9995.8284902,1.4375
347,9995.8326568,1.44167
348,9995.8368234,1.44583
349,9995.84099,1.45
350,9995.8451566,1.45417
351,9995.8493232,1.45833
352,9995.8534898,1.4625
353,9995.8576564,1.46667
354,9995.861823,1.47083
355,9995.8659896,1.475
356,9995.8701562,1.47917
357,9995.8743228,1.48333
358,9995.8784894,1.4875
359,9995.882656,1.49167
360,9995.8868226,1.49583
361,9995.8909892,1.5
362,9995.8951558,1.50417
363,9995.8993224,1.50833
364,9995.903489,1.5125
365,9995.9076556,1.51667
366,9995.9118222,1.52083
367,9995.9159888,1.525
368,9995.9201554,1.52917
369,9995.924322,1.53333
370,9995.9284886,1.5375
371,9995.9326552,1.54167
372,9995.9368218,1.54583
373,9995.9409884,1.55
374,9995.945155,1.55417
375,9995.9493216,1.55833
376,9995.9534882,1.5625
377,9995.9576548,1.56667
378,9995.9618214,1.57083
379,9995.965988,1.575
380,9995.9701546,1.57917
381,9995.9743212,1.58333
382,9995.9784878,1.5875
383,9995.9826544,1.59167
384,9995.986821,1.59583
385,9995.9909876,1.6
386,9995.9951542,1.60417
387,9995.9993208,1.60833
388,9996.0034874,1.6125
389,9996.007654,1.61667
390,9996.0118206,1.62083
391,9996.0159872,1.625
392,9996.0201538,1.62917
393,9996.0243204,1.63333
394,9996.028487,1.6375
395,9996.0326536,1.64167
396,9996.0368202,1.64583
397,9996.0409868,1.65
398,9996.0451534,1.65417
399,9996.04932,1.65833
400,9996.0534866,1.6625
401,9996.0576532,1.66667
402,9996.0618198,1.67083
403,9996.0659864,1.675
404,9996.070153,1.67917
405,9996.0743196,1.68333
406,9996.0784862,1.6875
407,9996.0826528,1.69167
408,9996.0868194,1.69583
409,9996.090986,1.7
410,9996.0951526,1.70417
411,9996.0993192,1.70833
412,9996.1034858,1.7125
413,9996.1076524,1.71667
414,9996.111819,1.72083
415,9996.1159856,1.725
416,9996.1201522,1.72917
417,9996.1243188,1.73333
418,9996.1284854,1.7375
419,9996.132652,1.74167
420,9996.1368186,1.74583
421,9996.1409852,1.75
422,9996.1451518,1.75417
423,9996.1493184,1.75833
424,9996.153485,1.7625
425,9996.1576516,1.76667
426,9996.1618182,1.77083
427,9996.1659848,1.775
428,9996.1701514,1.77917
429,9996.174318,1.78333
430,9996.1784846,1.7875
431,9996.1826512,1.79167
432,9996.1868178,1.79583
433,9996.1909844,1.8
434,9996.195151,1.80417
435,9996.1993176,1.80833
436,9996.2034842,1.8125
437,9996.2076508,1.81667
438,9996.2118174,1.82083
439,9996.215984,1.825
440,9996.2201506,1.82917
441,9996.2243172,1.83333
442,9996.2284838,1.8375
443,9996.2326504,1.84167
444,9996.236817,1.84583
445,9996.2409836,1.85
446,9996.2451502,1.85417
447,9996.2493168,1.85833
448,9996.2534834,1.8625
449,9996.25765,1.86667
450,9996.2618166,1.87083
451,9996.2659832,1.875
452,9996.2701498,1.87917
453,9996.2743164,1.88333
454,9996.278483,1.8875
455,9996.2826496,1.89167
456,9996.2868162,1.89583
457,9996.2909828,1.9
458,9996.2951494,1.90417
459,9996.299316,1.90833
460,9996.3034826,1.9125
461,9996.3076492,1.91667
462,9996.3118158,1.92083
463,9996.3159824,1.925
464,9996.320149,1.92917
465,9996.3243156,1.93333
466,9996.3284822,1.9375
467,9996.3326488,1.94167
468,9996.3368154,1.94583
469,9996.340982,1.95
470,9996.3451486,1.95417
471,9996.3493152,1.95833
472,9996.3534818,1.9625
473,9996.3576484,1.96667
474,9996.361815,1.97083
475,9996.3659816,1.975
476,9996.3701482,1.97917
477,9996.3743148,1.98333
478,9996.3784814,1.9875
479,9996.382648,1.99167
480,9996.3868146,1.99583
481,9996.3909812,2
482,9996.3951478,2.00417
483,9996.3993144,2.00833
484,9996.403481,2.0125
485,9996.4076476,2.01667
486,9996.4118142,2.02083
487,9996.4159808,2.025
488,9996.4201474,2.02917
489,9996.424314,2.03333
490,9996.4284806,2.0375
491,9996.4326472,2.04167
492,9996.4368138,2.04583
493,9996.4409804,2.05
494,9996.445147,2.05417
495,9996.4493136,2.05833
496,9996.4534802,2.0625
497,9996.4576468,2.06667
498,9996.4618134,2.07083
499,9996.46598,2.075
500,9996.4701466,2.07917
501,9996.4743132,2.08333
502,9996.4784798,2.0875
503,9996.4826464,2.09167
504,9996.486813,2.09583
505,9996.4909796,2.1
506,9996.4951462,2.10417
507,9996.4993128,2.10833
508,9996.5034794,2.1125
509,9996.507646,2.11667
510,9996.5118126,2.12083
511,9996.5159792,2.125
512,9996.5201458,2.12917
513,9996.5243124,2.13333
514,9996.528479,2.1375
515,9996.5326456,2.14167
516,9996.5368122,2.14583
517,9996.5409788,2.15
518,9996.5451454,2.15417
519,9996.549312,2.15833
520,9996.5534786,2.1625
521,9996.5576452,2.16667
522,9996.5618118,2.17083
523,9996.5659784,2.175
524,9996.570145,2.17917
525,9996.5743116,2.18333
526,9996.5784782,2.1875
527,9996.5826448,2.19167
528,9996.5868114,2.19583
529,9996.590978,2.2
530,9996.5951446,2.20417
531,9996.5993112,2.20833
532,9996.6034778,2.2125
533,9996.6076444,2.21667
534,9996.611811,2.22083
535,9996.6159776,2.225
536,9996.6201442,2.22917
537,9996.6243108,2.23333
538,9996.6284774,2.2375
539,9996.632644,2.24167
540,9996.6368106,2.24583
541,9996.6409772,2.25
542,9996.6451438,2.25417
543,9996.6493104,2.25833
544,9996.653477,2.2625
545,9996.6576436,2.26667
546,9996.6618102,2.27083
547,9996.6659768,2.275
548,9996.6701434,2.27917
549,9996.67431,2.28333
550,9996.6784766,2.2875
551,9996.6826432,2.29167
552,9996.6868098,2.29583
553,9996.6909764,2.3
554,9996.695143,2.30417
555,9996.6993096,2.30833
556,9996.7034762,2.3125
557,9996.7076428,2.31667
558,9996.7118094,2.32083
559,9996.715976,2.325
560,9996.7201426,2.32917
561,9996.7243092,2.33333
562,9996.7284758,2.3375
563,9996.7326424,2.34167
564,9996.736809,2.34583
565,9996.7409756,2.35
566,9996.7451422,2.35417
567,9996.7493088,2.35833
568,9996.7534754,2.3625
569,9996.757642,2.36667
570,9996.7618086,2.37083
571,9996.7659752,2.375
572,9996.7701418,2.37917
573,9996.7743084,2.38333
574,9996.778475,2.3875
575,9996.7826416,2.39167
576,9996.7868082,2.39583
577,9996.7909748,2.4
578,9996.7951414,2.40417
579,9996.799308,2.40833
580,9996.8034746,2.4125
581,9996.8076412,2.41667
582,9996.8118078,2.42083
583,9996.8159744,2.425
584,9996.820141,2.42917
585,9996.8243076,2.43333
586,9996.8284742,2.4375
587,9996.8326408,2.44167
588,9996.8368074,2.44583
589,9996.840974,2.45
590,9996.8451406,2.45417
591,9996.8493072,2.45833
592,9996.8534738,2.4625
593,9996.8576404,2.46667
594,9996.861807,2.47083
595,9996.8659736,2.475
596,9996.8701402,2.47917
597,9996.8743068,2.48333
598,9996.8784734,2.4875
599,9996.88264,2.49167
600,9996.8868066,2.49583
601,9996.8909732,2.5
602,9996.8951398,2.50417
603,9996.8993064,2.50833
604,9996.903473,2.5125
605,9996.9076396,2.51667
606,9996.9118062,2.52083
607,9996.9159728,2.525
608,9996.9201394,2.52917
609,9996.924306,2.53333
610,9996.9284726,2.5375
611,9996.9326392,2.54167
612,9996.9368058,2.54583
613,9996.9409724,2.55
614,9996.945139,2.55417
615,9996.9493056,2.55833
616,9996.9534722,2.5625
617,9996.9576388,2.56667
618,9996.9618054,2.57083
619,9996.965972,2.575
620,9996.9701386,2.57917
621,9996.9743052,2.58333
622,9996.9784718,2.5875
623,9996.9826384,2.59167
624,9996.986805,2.59583
625,9996.9909716,2.6
626,9996.9951382,2.60417
627,9996.9993048,2.60833
628,9997.0034714,2.6125
629,9997.007638,2.61667
630,9997.0118046,2.62083
631,9997.0159712,2.625
632,9997.0201378,2.62917
633,9997.0243044,2.63333
634,9997.028471,2.6375
635,9997.0326376,2.64167
636,9997.0368042,2.64583
637,9997.0409708,2.65
638,9997.0451374,2.65417
639,9997.049304,2.65833
640,9997.0534706,2.6625
641,9997.0576372,2.66667
642,9997.0618038,2.67083
643,9997.0659704,2.675
644,9997.070137,2.67917
645,9997.0743036,2.68333
646,9997.0784702,2.6875
647,9997.0826368,2.69167
648,9997.0868034,2.69583
649,9997.09097,2.7
650,9997.0951366,2.70417
651,9997.0993032,2.70833
652,9997.1034698,2.7125
653,9997.1076364,2.71667
654,9997.111803,2.72083
655,9997.1159696,2.725
656,9997.1201362,2.72917
657,9997.1243028,2.73333
658,9997.1284694,2.7375
659,9997.132636,2.74167
660,9997.1368026,2.74583
661,9997.1409692,2.75
662,9997.1451358,2.75417
663,9997.1493024,2.75833
664,9997.153469,2.7625
665,9997.1576356,2.76667
666,9997.1618022,2.77083
667,9997.1659688,2.775
668,9997.1701354,2.77917
669,9997.174302,2.78333
670,9997.1784686,2.7875
671,9997.1826352,2.79167
672,9997.1868018,2.79583
673,9997.1909684,2.8
674,9997.195135,2.80417
675,9997.1993016,2.80833
676,9997.2034682,2.8125
677,9997.2076348,2.81667
678,9997.2118014,2.82083
679,9997.215968,2.825
680,9997.2201346,2.82917
681,9997.2243012,2.83333
682,9997.2284678,2.8375
683,9997.2326344,2.84167
684,9997.236801,2.84583
685,9997.2409676,2.85
686,9997.2451342,2.85417
687,9997.2493008,2.85833
688,9997.2534674,2.8625
689,9997.257634,2.86667
690,9997.2618006,2.87083
691,9997.2659672,2.875
692,9997.2701338,2.87917
693,9997.2743004,2.88333
694,9997.278467,2.8875
695,9997.2826336,2.89167
696,9997.2868002,2.89583
697,9997.2909668,2.9
698,9997.2951334,2.90417
699,9997.2993,2.90833
700,9997.3034666,2.9125
701,9997.3076332,2.91667
702,9997.3117998,2.92083
703,9997.3159664,2.925
704,9997.320133,2.92917
705,9997.3242996,2.93333
706,9997.3284662,2.9375
707,9997.3326328,2.94167
708,9997.3367994,2.94583
709,9997.340966,2.95
710,9997.3451326,2.95417
711,9997.3492992,2.95833
712,9997.3534658,2.9625
713,9997.3576324,2.96667
714,9997.361799,2.97083
715,9997.3659656,2.975
716,9997.3701322,2.97917
717,9997.3742988,2.98333
718,9997.3784654,2.9875
719,9997.382632,2.99167
720,9997.3867986,2.99583
721,9997.3909652,3
722,9997.3951318,3.00417
723,9997.3992984,3.00833
724,9997.403465,3.0125
725,9997.4076316,3.01667
726,9997.4117982,3.02083
727,9997.4159648,3.025
728,9997.4201314,3.02917
729,9997.424298,3.03333
730,9997.4284646,3.0375
731,9997.4326312,3.04167
732,9997.4367978,3.04583
733,9997.4409644,3.05
734,9997.445131,3.05417
735,9997.4492976,3.05833
736,9997.4534642,3.0625
737,9997.4576308,3.06667
738,9997.4617974,3.07083
739,9997.465964,3.075
740,9997.4701306,3.07917
741,9997.4742972,3.08333
742,9997.4784638,3.0875
743,9997.4826304,3.09167
744,9997.486797,3.09583
745,9997.4909636,3.1
746,9997.4951302,3.10417
747,9997.4992968,3.10833
748,9997.5034634,3.1125
749,9997.50763,3.11667
750,9997.5117966,3.12083
751,9997.5159632,3.125
752,9997.5201298,3.12917
753,9997.5242964,3.13333
754,9997.528463,3.1375
755,9997.5326296,3.14167
756,9997.5367962,3.14583
757,9997.5409628,3.15
758,9997.5451294,3.15417
759,9997.549296,3.15833
760,9997.5534626,3.1625
761,9997.5576292,3.16667
762,9997.5617958,3.17083
763,9997.5659624,3.175
764,9997.570129,3.17917
765,9997.5742956,3.18333
766,9997.5784622,3.1875
767,9997.5826288,3.19167
768,9997.5867954,3.19583
769,9997.590962,3.2
770,9997.5951286,3.20417
771,9997.5992952,3.20833
772,9997.6034618,3.2125
773,9997.6076284,3.21667
774,9997.611795,3.22083
775,9997.6159616,3.225
776,9997.6201282,3.22917
777,9997.6242948,3.23333
778,9997.6284614,3.2375
779,9997.632628,3.24167
780,9997.6367946,3.24583
781,9997.6409612,3.25
782,9997.6451278,3.25417
783,9997.6492944,3.25833
784,9997.653461,3.2625
785,9997.6576276,3.26667
786,9997.6617942,3.27083
787,9997.6659608,3.275
788,9997.6701274,3.27917
789,9997.674294,3.28333
790,9997.6784606,3.2875
791,9997.6826272,3.29167
792,9997.6867938,3.29583
793,9997.6909604,3.3
794,9997.695127,3.30417
795,9997.6992936,3.30833
796,9997.7034602,3.3125
797,9997.7076268,3.31667
798,9997.7117934,3.32083
799,9997.71596,3.325
800,9997.7201266,3.32917
801,9997.7242932,3.33333
802,9997.7284598,3.3375
803,9997.7326264,3.34167
804,9997.736793,3.34583
805,9997.7409596,3.35
806,9997.7451262,3.35417
807,9997.7492928,3.35833
808,9997.7534594,3.3625
809,9997.757626,3.36667
810,9997.7617926,3.37083
811,9997.7659592,3.375
812,9997.7701258,3.37917
813,9997.7742924,3.38333
814,9997.778459,3.3875
815,9997.7826256,3.39167
816,9997.7867922,3.39583
817,9997.7909588,3.4
818,9997.7951254,3.40417
819,9997.799292,3.40833
820,9997.8034586,3.4125
821,9997.8076252,3.41667
822,9997.8117918,3.42083
823,9997.8159584,3.425
824,9997.820125,3.42917
825,9997.8242916,3.43333
826,9997.8284582,3.4375
827,9997.8326248,3.44167
828,9997.8367914,3.44583
829,9997.840958,3.45
830,9997.8451246,3.45417
831,9997.8492912,3.45833
832,9997.8534578,3.4625
833,9997.8576244,3.46667
834,9997.861791,3.47083
835,9997.8659576,3.475
836,9997.8701242,3.47917
837,9997.8742908,3.48333
838,9997.8784574,3.4875
839,9997.882624,3.49167
840,9997.8867906,3.49583
841,9997.8909572,3.5
842,9997.8951238,3.50417
843,9997.8992904,3.50833
844,9997.903457,3.5125
845,9997.9076236,3.51667
846,9997.9117902,3.52083
847,9997.9159568,3.525
848,9997.9201234,3.52917
849,9997.92429,3.53333
850,9997.9284566,3.5375
851,9997.9326232,3.54167
852,9997.9367898,3.54583
853,9997.9409564,3.55
854,9997.945123,3.55417
855,9997.9492896,3.55833
856,9997.9534562,3.5625
857,9997.9576228,3.56667
858,9997.9617894,3.57083
859,9997.965956,3.575
860,9997.9701226,3.57917
861,9997.9742892,3.58333
862,9997.9784558,3.5875
863,9997.9826224,3.59167
864,9997.986789,3.59583
865,9997.9909556,3.6
866,9997.9951222,3.60417
867,9997.9992888,3.60833
868,9998.0034554,3.6125
869,9998.007622,3.61667
870,9998.0117886,3.62083
871,9998.0159552,3.625
872,9998.0201218,3.62917
873,9998.0242884,3.63333
874,9998.028455,3.6375
875,9998.0326216,3.64167
876,9998.0367882,3.64583
877,9998.0409548,3.65
878,9998.0451214,3.65417
879,9998.049288,3.65833
880,9998.0534546,3.6625
881,9998.0576212,3.66667
882,9998.0617878,3.67083
883,9998.0659544,3.675
884,9998.070121,3.67917
885,9998.0742876,3.68333
886,9998.0784542,3.6875
887,9998.0826208,3.69167
888,9998.0867874,3.69583
889,9998.090954,3.7
890,9998.0951206,3.70417
891,9998.0992872,3.70833
892,9998.1034538,3.7125
893,9998.1076204,3.71667
894,9998.111787,3.72083
895,9998.1159536,3.725
896,9998.1201202,3.72917
897,9998.1242868,3.73333
898,9998.1284534,3.7375
899,9998.13262,3.74167
900,9998.1367866,3.74583
901,9998.1409532,3.75
902,9998.1451198,3.75417
903,9998.1492864,3.75833
904,9998.153453,3.7625
905,9998.1576196,3.76667
906,9998.1617862,3.77083
907,9998.1659528,3.775
908,9998.1701194,3.77917
909,9998.174286,3.78333
910,9998.1784526,3.7875
911,9998.1826192,3.79167
912,9998.1867858,3.79583
913,9998.1909524,3.8
914,9998.195119,3.80417
915,9998.1992856,3.80833
916,9998.2034522,3.8125
917,9998.2076188,3.81667
918,9998.2117854,3.82083
919,9998.215952,3.825
920,9998.2201186,3.82917
921,9998.2242852,3.83333
922,9998.2284518,3.8375
923,9998.2326184,3.84167
924,9998.236785,3.84583
925,9998.2409516,3.85
926,9998.2451182,3.85417
927,9998.2492848,3.85833
928,9998.2534514,3.8625
929,9998.257618,3.86667
930,9998.2617846,3.87083
931,9998.2659512,3.875
932,9998.2701178,3.87917
933,9998.2742844,3.88333
934,9998.278451,3.8875
935,9998.2826176,3.89167
936,9998.2867842,3.89583
937,9998.2909508,3.9
938,9998.2951174,3.90417
939,9998.299284,3.90833
940,9998.3034506,3.9125
941,9998.3076172,3.91667
942,9998.3117838,3.92083
943,9998.3159504,3.925
944,9998.320117,3.92917
945,9998.3242836,3.93333
946,9998.3284502,3.9375
947,9998.3326168,3.94167
948,9998.3367834,3.94583
949,9998.34095,3.95
950,9998.3451166,3.95417
951,9998.3492832,3.95833
952,9998.3534498,3.9625
953,9998.3576164,3.96667
954,9998.361783,3.97083
955,9998.3659496,3.975
956,9998.3701162,3.97917
957,9998.3742828,3.98333
958,9998.3784494,3.9875
959,9998.382616,3.99167
960,9998.3867826,3.99583
961,9998.3909492,4
962,9998.3951158,4.00417
963,9998.3992824,4.00833
964,9998.403449,4.0125
965,9998.4076156,4.01667
966,9998.4117822,4.02083
967,9998.4159488,4.025
968,9998.4201154,4.02917
969,9998.424282,4.03333
970,9998.4284486,4.0375
971,9998.4326152,4.04167
972,9998.4367818,4.04583
973,9998.4409484,4.05
974,9998.445115,4.05417
975,9998.4492816,4.05833
976,9998.4534482,4.0625
977,9998.4576148,4.06667
978,9998.4617814,4.07083
979,9998.465948,4.075
980,9998.4701146,4.07917
981,9998.4742812,4.08333
982,9998.4784478,4.0875
983,9998.4826144,4.09167
984,9998.486781,4.09583
985,9998.4909476,4.1
986,9998.4951142,4.10417
987,9998.4992808,4.10833
988,9998.5034474,4.1125
989,9998.507614,4.11667
990,9998.5117806,4.12083
991,9998.5159472,4.125
992,9998.5201138,4.12917
993,9998.5242804,4.13333
994,9998.528447,4.1375
995,9998.5326136,4.14167
996,9998.5367802,4.14583
997,9998.5409468,4.15
998,9998.5451134,4.15417
999,9998.54928,4.15833
1000,9998.5534466,4.1625
1001,9998.5576132,4.16667
1002,9998.5617798,4.17083
1003,9998.5659464,4.175
1004,9998.570113,4.17917
1005,9998.5742796,4.18333
1006,9998.5784462,4.1875
1007,9998.5826128,4.19167
1008,9998.5867794,4.19583
1009,9998.590946,4.2
1010,9998.5951126,4.20417
1011,9998.5992792,4.20833
1012,9998.6034458,4.2125
1013,9998.6076124,4.21667
1014,9998.611779,4.22083
1015,9998.6159456,4.225
1016,9998.6201122,4.22917
1017,9998.6242788,4.23333
1018,9998.6284454,4.2375
1019,9998.632612,4.24167
1020,9998.6367786,4.24583
1021,9998.6409452,4.25
1022,9998.6451118,4.25417
1023,9998.6492784,4.25833
1024,9998.653445,4.2625
1025,9998.6576116,4.26667
1026,9998.6617782,4.27083
1027,9998.6659448,4.275
1028,9998.6701114,4.27917
1029,9998.674278,4.28333
1030,9998.6784446,4.2875
1031,9998.6826112,4.29167
1032,9998.6867778,4.29583
1033,9998.6909444,4.3
1034,9998.695111,4.30417
1035,9998.6992776,4.30833
1036,9998.7034442,4.3125
1037,9998.7076108,4.31667
1038,9998.7117774,4.32083
1039,9998.715944,4.325
1040,9998.7201106,4.32917
1041,9998.7242772,4.33333
1042,9998.7284438,4.3375
1043,9998.7326104,4.34167
1044,9998.736777,4.34583
1045,9998.7409436,4.35
1046,9998.7451102,4.35417
1047,9998.7492768,4.35833
1048,9998.7534434,4.3625
1049,9998.75761,4.36667
1050,9998.7617766,4.37083
1051,9998.7659432,4.375
1052,9998.7701098,4.37917
1053,9998.7742764,4.38333
1054,9998.778443,4.3875
1055,9998.7826096,4.39167
1056,9998.7867762,4.39583
1057,9998.7909428,4.4
1058,9998.7951094,4.40417
1059,9998.799276,4.40833
1060,9998.8034426,4.4125
1061,9998.8076092,4.41667
1062,9998.8117758,4.42083
1063,9998.8159424,4.425
1064,9998.820109,4.42917
1065,9998.8242756,4.43333
1066,9998.8284422,4.4375
1067,9998.8326088,4.44167
1068,9998.8367754,4.44583
1069,9998.840942,4.45
1070,9998.8451086,4.45417
1071,9998.8492752,4.45833
1072,9998.8534418,4.4625
1073,9998.8576084,4.46667
1074,9998.861775,4.47083
1075,9998.8659416,4.475
1076,9998.8701082,4.47917
1077,9998.8742748,4.48333
1078,9998.8784414,4.4875
1079,9998.882608,4.49167
1080,9998.8867746,4.49583
1081,9998.8909412,4.5
1082,9998.8951078,4.50417
1083,9998.8992744,4.50833
1084,9998.903441,4.5125
1085,9998.9076076,4.51667
1086,9998.9117742,4.52083
1087,9998.9159408,4.525
1088,9998.9201074,4.52917
1089,9998.924274,4.53333
1090,9998.9284406,4.5375
1091,9998.9326072,4.54167
1092,9998.9367738,4.54583
1093,9998.9409404,4.55
1094,9998.945107,4.55417
1095,9998.9492736,4.55833
1096,9998.9534402,4.5625
1097,9998.9576068,4.56667
1098,9998.9617734,4.57083
1099,9998.96594,4.575
1100,9998.9701066,4.57917
1101,9998.9742732,4.58333
1102,9998.9784398,4.5875
1103,9998.9826064,4.59167
1104,9998.986773,4.59583
1105,9998.9909396,4.6
1106,9998.9951062,4.60417
1107,9998.9992728,4.60833
1108,9999.0034394,4.6125
1109,9999.007606,4.61667
1110,9999.0117726,4.62083
1111,9999.0159392,4.625
1112,9999.0201058,4.62917
1113,9999.0242724,4.63333
1114,9999.028439,4.6375
1115,9999.0326056,4.64167
1116,9999.0367722,4.64583
1117,9999.0409388,4.65
1118,9999.0451054,4.65417
1119,9999.049272,4.65833
1120,9999.0534386,4.6625
1121,9999.0576052,4.66667
1122,9999.0617718,4.67083
1123,9999.0659384,4.675
1124,9999.070105,4.67917
1125,9999.0742716,4.68333
1126,9999.0784382,4.6875
1127,9999.0826048,4.69167
1128,9999.0867714,4.69583
1129,9999.090938,4.7
1130,9999.0951046,4.70417
1131,9999.0992712,4.70833
1132,9999.1034378,4.7125
1133,9999.1076044,4.71667
1134,9999.111771,4.72083
1135,9999.1159376,4.725
1136,9999.1201042,4.72917
1137,9999.1242708,4.73333
1138,9999.1284374,4.7375
1139,9999.132604,4.74167
1140,9999.1367706,4.74583
1141,9999.1409372,4.75
1142,9999.1451038,4.75417
1143,9999.1492704,4.75833
1144,9999.153437,4.7625
1145,9999.1576036,4.76667
1146,9999.1617702,4.77083
1147,9999.1659368,4.775
1148,9999.1701034,4.77917
1149,9999.17427,4.78333
1150,9999.1784366,4.7875
1151,9999.1826032,4.79167
1152,9999.1867698,4.79583
1153,9999.1909364,4.8
1154,9999.195103,4.80417
1155,9999.1992696,4.80833
1156,9999.2034362,4.8125
1157,9999.2076028,4.81667
1158,9999.2117694,4.82083
1159,9999.215936,4.825
1160,9999.2201026,4.82917
1161,9999.2242692,4.83333
1162,9999.2284358,4.8375
1163,9999.2326024,4.84167
1164,9999.236769,4.84583
1165,9999.2409356,4.85
1166,9999.2451022,4.85417
1167,9999.2492688,4.85833
1168,9999.2534354,4.8625
1169,9999.257602,4.86667
1170,9999.2617686,4.87083
1171,9999.2659352,4.875
1172,9999.2701018,4.87917
1173,9999.2742684,4.88333
1174,9999.278435,4.8875
1175,9999.2826016,4.89167
1176,9999.2867682,4.89583
1177,9999.2909348,4.9
1178,9999.2951014,4.90417
1179,9999.299268,4.90833
1180,9999.3034346,4.9125
1181,9999.3076012,4.91667
1182,9999.3117678,4.92083
1183,9999.3159344,4.925
1184,9999.320101,4.92917
1185,9999.3242676,4.93333
1186,9999.3284342,4.9375
1187,9999.3326008,4.94167
1188,9999.3367674,4.94583
1189,9999.340934,4.95
1190,9999.3451006,4.95417
1191,9999.3492672,4.95833
1192,9999.3534338,4.9625
1193,9999.3576004,4.96667
1194,9999.361767,4.97083
1195,9999.3659336,4.975
1196,9999.3701002,4.97917
1197,9999.3742668,4.98333
1198,9999.3784334,4.9875
1199,9999.3826,4.99167
1200,9999.3867666,4.99583
1201,9999.3909332,5
1202,9999.3950998,5.00417
1203,9999.3992664,5.00833
1204,9999.403433,5.0125
1205,9999.4075996,5.01667
1206,9999.4117662,5.02083
1207,9999.4159328,5.025
1208,9999.4200994,5.02917
1209,9999.424266,5.03333
1210,9999.4284326,5.0375
1211,9999.4325992,5.04167
1212,9999.4367658,5.04583
1213,9999.4409324,5.05
1214,9999.445099,5.05417
1215,9999.4492656,5.05833
1216,9999.4534322,5.0625
1217,9999.4575988,5.06667
1218,9999.4617654,5.07083
1219,9999.465932,5.075
1220,9999.4700986,5.07917
1221,9999.4742652,5.08333
1222,9999.4784318,5.0875
1223,9999.4825984,5.09167
1224,9999.486765,5.09583
1225,9999.4909316,5.1
1226,9999.4950982,5.10417
1227,9999.4992648,5.10833
1228,9999.5034314,5.1125
1229,9999.507598,5.11667
1230,9999.5117646,5.12083
1231,9999.5159312,5.125
1232,9999.5200978,5.12917
1233,9999.5242644,5.13333
1234,9999.528431,5.1375
1235,9999.5325976,5.14167
1236,9999.5367642,5.14583
1237,9999.5409308,5.15
1238,9999.5450974,5.15417
1239,9999.549264,5.15833
1240,9999.5534306,5.1625
1241,9999.5575972,5.16667
1242,9999.5617638,5.17083
1243,9999.5659304,5.175
1244,9999.570097,5.17917
1245,9999.5742636,5.18333
1246,9999.5784302,5.1875
1247,9999.5825968,5.19167
1248,9999.5867634,5.19583
1249,9999.59093,5.2
1250,9999.5950966,5.20417
1251,9999.5992632,5.20833
1252,9999.6034298,5.2125
1253,9999.6075964,5.21667
1254,9999.611763,5.22083
1255,9999.6159296,5.225
1256,9999.6200962,5.22917
1257,9999.6242628,5.23333
1258,9999.6284294,5.2375
1259,9999.632596,5.24167
1260,9999.6367626,5.24583
1261,9999.6409292,5.25
1262,9999.6450958,5.25417
1263,9999.6492624,5.25833
1264,9999.653429,5.2625
1265,9999.6575956,5.26667
1266,9999.6617622,5.27083
1267,9999.6659288,5.275
1268,9999.6700954,5.27917
1269,9999.674262,5.28333
1270,9999.6784286,5.2875
1271,9999.6825952,5.29167
1272,9999.6867618,5.29583
1273,9999.6909284,5.3
1274,9999.695095,5.30417
1275,9999.6992616,5.30833
1276,9999.7034282,5.3125
1277,9999.7075948,5.31667
1278,9999.7117614,5.32083
1279,9999.715928,5.325
1280,9999.7200946,5.32917
1281,9999.7242612,5.33333
1282,9999.7284278,5.3375
1283,9999.7325944,5.34167
1284,9999.736761,5.34583
1285,9999.7409276,5.35
1286,9999.7450942,5.35417
1287,9999.7492608,5.35833
1288,9999.7534274,5.3625
1289,9999.757594,5.36667
1290,9999.7617606,5.37083
1291,9999.7659272,5.375
1292,9999.7700938,5.37917
1293,9999.7742604,5.38333
1294,9999.778427,5.3875
1295,9999.7825936,5.39167
1296,9999.7867602,5.39583
1297,9999.7909268,5.4
1298,9999.7950934,5.40417
1299,9999.79926,5.40833
1300,9999.8034266,5.4125
1301,9999.8075932,5.41667
1302,9999.8117598,5.42083
1303,9999.8159264,5.425
1304,9999.820093,5.42917
1305,9999.8242596,5.43333
1306,9999.8284262,5.4375
1307,9999.8325928,5.44167
1308,9999.8367594,5.44583
1309,9999.840926,5.45
1310,9999.8450926,5.45417
1311,9999.8492592,5.45833
1312,9999.8534258,5.4625
1313,9999.8575924,5.46667
1314,9999.861759,5.47083
1315,9999.8659256,5.475
1316,9999.8700922,5.47917
1317,9999.8742588,5.48333
1318,9999.8784254,5.4875
1319,9999.882592,5.49167
1320,9999.8867586,5.49583
1321,9999.8909252,5.5
1322,9999.8950918,5.50417
1323,9999.8992584,5.50833
1324,9999.903425,5.5125
1325,9999.9075916,5.51667
1326,9999.9117582,5.52083
1327,9999.9159248,5.525
1328,9999.9200914,5.52917
1329,9999.924258,5.53333
1330,9999.9284246,5.5375
1331,9999.9325912,5.54167
1332,9999.9367578,5.54583
1333,9999.9409244,5.55
1334,9999.945091,5.55417
1335,9999.9492576,5.55833
1336,9999.9534242,5.5625
1337,9999.9575908,5.56667
1338,9999.9617574,5.57083
1339,9999.965924,5.575
1340,9999.9700906,5.57917
1341,9999.9742572,5.58333
1342,9999.9784238,5.5875
1343,9999.9825904,5.59167
1344,9999.986757,5.59583
1345,9999.9909236,5.6
1346,9999.9950902,5.60417
1347,9999.9992568,5.60833
1348,10000.0034234,5.6125
1349,10000.00759,5.61667
1350,10000.0117566,5.62083
1351,10000.0159232,5.625
1352,10000.0200898,5.62917
1353,10000.0242564,5.63333
1354,10000.028423,5.6375
1355,10000.0325896,5.64167
1356,10000.0367562,5.64583
1357,10000.0409228,5.65
1358,10000.0450894,5.65417
1359,10000.049256,5.65833
1360,10000.0534226,5.6625
1361,10000.0575892,5.66667
1362,10000.0617558,5.67083
1363,10000.0659224,5.675
1364,10000.070089,5.67917
1365,10000.0742556,5.68333
1366,10000.0784222,5.6875
1367,10000.0825888,5.69167
1368,10000.0867554,5.69583
1369,10000.090922,5.7
1370,10000.0950886,5.70417
1371,10000.0992552,5.70833
1372,10000.1034218,5.7125
1373,10000.1075884,5.71667
1374,10000.111755,5.72083
1375,10000.1159216,5.725
1376,10000.1200882,5.72917
1377,10000.1242548,5.73333
1378,10000.1284214,5.7375
1379,10000.132588,5.74167
1380,10000.1367546,5.74583
1381,10000.1409212,5.75
1382,10000.1450878,5.75417
1383,10000.1492544,5.75833
1384,10000.153421,5.7625
1385,10000.1575876,5.76667
1386,10000.1617542,5.77083
1387,10000.1659208,5.775
1388,10000.1700874,5.77917
1389,10000.174254,5.78333
1390,10000.1784206,5.7875
1391,10000.1825872,5.79167
1392,10000.1867538,5.79583
1393,10000.1909204,5.8
1394,10000.195087,5.80417
1395,10000.1992536,5.80833
1396,10000.2034202,5.8125
1397,10000.2075868,5.81667
1398,10000.2117534,5.82083
1399,10000.21592,5.825
1400,10000.2200866,5.82917
1401,10000.2242532,5.83333
1402,10000.2284198,5.8375
1403,10000.2325864,5.84167
1404,10000.236753,5.84583
1405,10000.2409196,5.85
1406,10000.2450862,5.85417
1407,10000.2492528,5.85833
1408,10000.2534194,5.8625
1409,10000.257586,5.86667
1410,10000.2617526,5.87083
1411,10000.2659192,5.875
1412,10000.2700858,5.87917
1413,10000.2742524,5.88333
1414,10000.278419,5.8875
1415,10000.2825856,5.89167
1416,10000.2867522,5.89583
1417,10000.2909188,5.9
1418,10000.2950854,5.90417
1419,10000.299252,5.90833
1420,10000.3034186,5.9125
1421,10000.3075852,5.91667
1422,10000.3117518,5.92083
1423,10000.3159184,5.925
1424,10000.320085,5.92917
1425,10000.3242516,5.93333
1426,10000.3284182,5.9375
1427,10000.3325848,5.94167
1428,10000.3367514,5.94583
1429,10000.340918,5.95
1430,10000.3450846,5.95417
1431,10000.3492512,5.95833
1432,10000.3534178,5.9625
1433,10000.3575844,5.96667
1434,10000.361751,5.97083
1435,10000.3659176,5.975
1436,10000.3700842,5.97917
1437,10000.3742508,5.98333
1438,10000.3784174,5.9875
1439,10000.382584,5.99167
1440,10000.3867506,5.99583
1441,10000.3909172,6
1442,10000.3950838,6.00417
1443,10000.3992504,6.00833
1444,10000.403417,6.0125
1445,10000.4075836,6.01667
1446,10000.4117502,6.02083
1447,10000.4159168,6.025
1448,10000.4200834,6.02917
1449,10000.42425,6.03333
1450,10000.4284166,6.0375
1451,10000.4325832,6.04167
1452,10000.4367498,6.04583
1453,10000.4409164,6.05
1454,10000.445083,6.05417
1455,10000.4492496,6.05833
1456,10000.4534162,6.0625
1457,10000.4575828,6.06667
1458,10000.4617494,6.07083
1459,10000.465916,6.075
1460,10000.4700826,6.07917
1461,10000.4742492,6.08333
1462,10000.4784158,6.0875
1463,10000.4825824,6.09167
1464,10000.486749,6.09583
1465,10000.4909156,6.1
1466,10000.4950822,6.10417
1467,10000.4992488,6.10833
1468,10000.5034154,6.1125
1469,10000.507582,6.11667
1470,10000.5117486,6.12083
1471,10000.5159152,6.125
1472,10000.5200818,6.12917
1473,10000.5242484,6.13333
1474,10000.528415,6.1375
1475,10000.5325816,6.14167
1476,10000.5367482,6.14583
1477,10000.5409148,6.15
1478,10000.5450814,6.15417
1479,10000.549248,6.15833
1480,10000.5534146,6.1625
1481,10000.5575812,6.16667
1482,10000.5617478,6.17083
1483,10000.5659144,6.175
1484,10000.570081,6.17917
1485,10000.5742476,6.18333
1486,10000.5784142,6.1875
1487,10000.5825808,6.19167
1488,10000.5867474,6.19583
1489,10000.590914,6.2
1490,10000.5950806,6.20417
1491,10000.5992472,6.20833
1492,10000.6034138,6.2125
1493,10000.6075804,6.21667
1494,10000.611747,6.22083
1495,10000.6159136,6.225
1496,10000.6200802,6.22917
1497,10000.6242468,6.23333
1498,10000.6284134,6.2375
1499,10000.63258,6.24167
1500,10000.6367466,6.24583
1501,10000.6409132,6.25
1502,10000.6450798,6.25417
1503,10000.6492464,6.25833
1504,10000.653413,6.2625
1505,10000.6575796,6.26667
1506,10000.6617462,6.27083
1507,10000.6659128,6.275
1508,10000.6700794,6.27917
1509,10000.674246,6.28333
1510,10000.6784126,6.2875
1511,10000.6825792,6.29167
1512,10000.6867458,6.29583
1513,10000.6909124,6.3
1514,10000.695079,6.30417
1515,10000.6992456,6.30833
1516,10000.7034122,6.3125
1517,10000.7075788,6.31667
1518,10000.7117454,6.32083
1519,10000.715912,6.325
1520,10000.7200786,6.32917
1521,10000.7242452,6.33333
1522,10000.7284118,6.3375
1523,10000.7325784,6.34167
1524,10000.736745,6.34583
1525,10000.7409116,6.35
1526,10000.7450782,6.35417
1527,10000.7492448,6.35833
1528,10000.7534114,6.3625
1529,10000.757578,6.36667
1530,10000.7617446,6.37083
1531,10000.7659112,6.375
1532,10000.7700778,6.37917
1533,10000.7742444,6.38333
1534,10000.778411,6.3875
1535,10000.7825776,6.39167
1536,10000.7867442,6.39583
1537,10000.7909108,6.4
1538,10000.7950774,6.40417
1539,10000.799244,6.40833
1540,10000.8034106,6.4125
1541,10000.8075772,6.41667
1542,10000.8117438,6.42083
1543,10000.8159104,6.425
1544,10000.820077,6.42917
1545,10000.8242436,6.43333
1546,10000.8284102,6.4375
1547,10000.8325768,6.44167
1548,10000.8367434,6.44583
1549,10000.84091,6.45
1550,10000.8450766,6.45417
1551,10000.8492432,6.45833
1552,10000.8534098,6.4625
1553,10000.8575764,6.46667
1554,10000.861743,6.47083
1555,10000.8659096,6.475
1556,10000.8700762,6.47917
1557,10000.8742428,6.48333
1558,10000.8784094,6.4875
1559,10000.882576,6.49167
1560,10000.8867426,6.49583
1561,10000.8909092,6.5
1562,10000.8950758,6.50417
1563,10000.8992424,6.50833
1564,10000.903409,6.5125
1565,10000.9075756,6.51667
1566,10000.9117422,6.52083
1567,10000.9159088,6.525
1568,10000.9200754,6.52917
1569,10000.924242,6.53333
1570,10000.9284086,6.5375
1571,10000.9325752,6.54167
1572,10000.9367418,6.54583
1573,10000.9409084,6.55
1574,10000.945075,6.55417
1575,10000.9492416,6.55833
1576,10000.9534082,6.5625
1577,10000.9575748,6.56667
1578,10000.9617414,6.57083
1579,10000.965908,6.575
1580,10000.9700746,6.57917
1581,10000.9742412,6.58333
1582,10000.9784078,6.5875
1583,10000.9825744,6.59167
1584,10000.986741,6.59583
1585,10000.9909076,6.6
1586,10000.9950742,6.60417
1587,10000.9992408,6.60833
1588,10001.0034074,6.6125
1589,10001.007574,6.61667
1590,10001.0117406,6.62083
1591,10001.0159072,6.625
1592,10001.0200738,6.62917
1593,10001.0242404,6.63333
1594,10001.028407,6.6375
1595,10001.0325736,6.64167
1596,10001.0367402,6.64583
1597,10001.0409068,6.65
1598,10001.0450734,6.65417
1599,10001.04924,6.65833
1600,10001.0534066,6.6625
1601,10001.0575732,6.66667
1602,10001.0617398,6.67083
1603,10001.0659064,6.675
1604,10001.070073,6.67917
1605,10001.0742396,6.68333
1606,10001.0784062,6.6875
1607,10001.0825728,6.69167
1608,10001.0867394,6.69583
1609,10001.090906,6.7
1610,10001.0950726,6.70417
1611,10001.0992392,6.70833
1612,10001.1034058,6.7125
1613,10001.1075724,6.71667
1614,10001.111739,6.72083
1615,10001.1159056,6.725
1616,10001.1200722,6.72917
1617,10001.1242388,6.73333
1618,10001.1284054,6.7375
1619,10001.132572,6.74167
1620,10001.1367386,6.74583
1621,10001.1409052,6.75
1622,10001.1450718,6.75417
1623,10001.1492384,6.75833
1624,10001.153405,6.7625
1625,10001.1575716,6.76667
1626,10001.1617382,6.77083
1627,10001.1659048,6.775
1628,10001.1700714,6.77917
1629,10001.174238,6.78333
1630,10001.1784046,6.7875
1631,10001.1825712,6.79167
1632,10001.1867378,6.79583
1633,10001.1909044,6.8
1634,10001.195071,6.80417
1635,10001.1992376,6.80833
1636,10001.2034042,6.8125
1637,10001.2075708,6.81667
1638,10001.2117374,6.82083
1639,10001.215904,6.825
1640,10001.2200706,6.82917
1641,10001.2242372,6.83333
1642,10001.2284038,6.8375
1643,10001.2325704,6.84167
1644,10001.236737,6.84583
1645,10001.2409036,6.85
1646,10001.2450702,6.85417
1647,10001.2492368,6.85833
1648,10001.2534034,6.8625
1649,10001.25757,6.86667
1650,10001.2617366,6.87083
1651,10001.2659032,6.875
1652,10001.2700698,6.87917
1653,10001.2742364,6.88333
1654,10001.278403,6.8875
1655,10001.2825696,6.89167
1656,10001.2867362,6.89583
1657,10001.2909028,6.9
1658,10001.2950694,6.90417
1659,10001.299236,6.90833
1660,10001.3034026,6.9125
1661,10001.3075692,6.91667
1662,10001.3117358,6.92083
1663,10001.3159024,6.925
1664,10001.320069,6.92917
1665,10001.3242356,6.93333
1666,10001.3284022,6.9375
1667,10001.3325688,6.94167
1668,10001.3367354,6.94583
1669,10001.340902,6.95
1670,10001.3450686,6.95417
1671,10001.3492352,6.95833
1672,10001.3534018,6.9625
1673,10001.3575684,6.96667
1674,10001.361735,6.97083
1675,10001.3659016,6.975
1676,10001.3700682,6.97917
1677,10001.3742348,6.98333
1678,10001.3784014,6.9875
1679,10001.382568,6.99167
1680,10001.3867346,6.99583
1681,10001.3909012,7
1682,10001.3950678,7.00417
1683,10001.3992344,7.00833
1684,10001.403401,7.0125
1685,10001.4075676,7.01667
1686,10001.4117342,7.02083
1687,10001.4159008,7.025
1688,10001.4200674,7.02917
1689,10001.424234,7.03333
1690,10001.4284006,7.0375
1691,10001.4325672,7.04167
1692,10001.4367338,7.04583
1693,10001.4409004,7.05
1694,10001.445067,7.05417
1695,10001.4492336,7.05833
1696,10001.4534002,7.0625
1697,10001.4575668,7.06667
1698,10001.4617334,7.07083
1699,10001.4659,7.075
1700,10001.4700666,7.07917
1701,10001.4742332,7.08333
1702,10001.4783998,7.0875
1703,10001.4825664,7.09167
1704,10001.486733,7.09583
1705,10001.4908996,7.1
1706,10001.4950662,7.10417
1707,10001.4992328,7.10833
1708,10001.5033994,7.1125
1709,10001.507566,7.11667
1710,10001.5117326,7.12083
1711,10001.5158992,7.125
1712,10001.5200658,7.12917
1713,10001.5242324,7.13333
1714,10001.528399,7.1375
1715,10001.5325656,7.14167
1716,10001.5367322,7.14583
1717,10001.5408988,7.15
1718,10001.5450654,7.15417
1719,10001.549232,7.15833
1720,10001.5533986,7.1625
1721,10001.5575652,7.16667
1722,10001.5617318,7.17083
1723,10001.5658984,7.175
1724,10001.570065,7.17917
1725,10001.5742316,7.18333
1726,10001.5783982,7.1875
1727,10001.5825648,7.19167
1728,10001.5867314,7.19583
1729,10001.590898,7.2
1730,10001.5950646,7.20417
1731,10001.5992312,7.20833
1732,10001.6033978,7.2125
1733,10001.6075644,7.21667
1734,10001.611731,7.22083
1735,10001.6158976,7.225
1736,10001.6200642,7.22917
1737,10001.6242308,7.23333
1738,10001.6283974,7.2375
1739,10001.632564,7.24167
1740,10001.6367306,7.24583
1741,10001.6408972,7.25
1742,10001.6450638,7.25417
1743,10001.6492304,7.25833
1744,10001.653397,7.2625
1745,10001.6575636,7.26667
1746,10001.6617302,7.27083
1747,10001.6658968,7.275
1748,10001.6700634,7.27917
1749,10001.67423,7.28333
1750,10001.6783966,7.2875
1751,10001.6825632,7.29167
1752,10001.6867298,7.29583
1753,10001.6908964,7.3
1754,10001.695063,7.30417
1755,10001.6992296,7.30833
1756,10001.7033962,7.3125
1757,10001.7075628,7.31667
1758,10001.7117294,7.32083
1759,10001.715896,7.325
1760,10001.7200626,7.32917
1761,10001.7242292,7.33333
1762,10001.7283958,7.3375
1763,10001.7325624,7.34167
1764,10001.736729,7.34583
1765,10001.7408956,7.35
1766,10001.7450622,7.35417
1767,10001.7492288,7.35833
1768,10001.7533954,7.3625
1769,10001.757562,7.36667
1770,10001.7617286,7.37083
1771,10001.7658952,7.375
1772,10001.7700618,7.37917
1773,10001.7742284,7.38333
1774,10001.778395,7.3875
1775,10001.7825616,7.39167
1776,10001.7867282,7.39583
1777,10001.7908948,7.4
1778,10001.7950614,7.40417
1779,10001.799228,7.40833
1780,10001.8033946,7.4125
1781,10001.8075612,7.41667
1782,10001.8117278,7.42083
1783,10001.8158944,7.425
1784,10001.820061,7.42917
1785,10001.8242276,7.43333
1786,10001.8283942,7.4375
1787,10001.8325608,7.44167
1788,10001.8367274,7.44583
1789,10001.840894,7.45
1790,10001.8450606,7.45417
1791,10001.8492272,7.45833
1792,10001.8533938,7.4625
1793,10001.8575604,7.46667
1794,10001.861727,7.47083
1795,10001.8658936,7.475
1796,10001.8700602,7.47917
1797,10001.8742268,7.48333
1798,10001.8783934,7.4875
1799,10001.88256,7.49167
1800,10001.8867266,7.49583
1801,10001.8908932,7.5
1802,10001.8950598,7.50417
1803,10001.8992264,7.50833
1804,10001.903393,7.5125
1805,10001.9075596,7.51667
1806,10001.9117262,7.52083
1807,10001.9158928,7.525
1808,10001.9200594,7.52917
1809,10001.924226,7.53333
1810,10001.9283926,7.5375
1811,10001.9325592,7.54167
1812,10001.9367258,7.54583
1813,10001.9408924,7.55
1814,10001.945059,7.55417
1815,10001.9492256,7.55833
1816,10001.9533922,7.5625
1817,10001.9575588,7.56667
1818,10001.9617254,7.57083
1819,10001.965892,7.575
1820,10001.9700586,7.57917
1821,10001.9742252,7.58333
1822,10001.9783918,7.5875
1823,10001.9825584,7.59167
1824,10001.986725,7.59583
1825,10001.9908916,7.6
1826,10001.9950582,7.60417
1827,10001.9992248,7.60833
1828,10002.0033914,7.6125
1829,10002.007558,7.61667
1830,10002.0117246,7.62083
1831,10002.0158912,7.625
1832,10002.0200578,7.62917
1833,10002.0242244,7.63333
1834,10002.028391,7.6375
1835,10002.0325576,7.64167
1836,10002.0367242,7.64583
1837,10002.0408908,7.65
1838,10002.0450574,7.65417
1839,10002.049224,7.65833
1840,10002.0533906,7.6625
1841,10002.0575572,7.66667
1842,10002.0617238,7.67083
1843,10002.0658904,7.675
1844,10002.070057,7.67917
1845,10002.0742236,7.68333
1846,10002.0783902,7.6875
1847,10002.0825568,7.69167
1848,10002.0867234,7.69583
1849,10002.09089,7.7
1850,10002.0950566,7.70417
1851,10002.0992232,7.70833
1852,10002.1033898,7.7125
1853,10002.1075564,7.71667
1854,10002.111723,7.72083
1855,10002.1158896,7.725
1856,10002.1200562,7.72917
1857,10002.1242228,7.73333
1858,10002.1283894,7.7375
1859,10002.132556,7.74167
1860,10002.1367226,7.74583
1861,10002.1408892,7.75
1862,10002.1450558,7.75417
1863,10002.1492224,7.75833
1864,10002.153389,7.7625
1865,10002.1575556,7.76667
1866,10002.1617222,7.77083
1867,10002.1658888,7.775
1868,10002.1700554,7.77917
1869,10002.174222,7.78333
1870,10002.1783886,7.7875
1871,10002.1825552,7.79167
1872,10002.1867218,7.79583
1873,10002.1908884,7.8
1874,10002.195055,7.80417
1875,10002.1992216,7.80833
1876,10002.2033882,7.8125
1877,10002.2075548,7.81667
1878,10002.2117214,7.82083
1879,10002.215888,7.825
1880,10002.2200546,7.82917
1881,10002.2242212,7.83333
1882,10002.2283878,7.8375
1883,10002.2325544,7.84167
1884,10002.236721,7.84583
1885,10002.2408876,7.85
1886,10002.2450542,7.85417
1887,10002.2492208,7.85833
1888,10002.2533874,7.8625
1889,10002.257554,7.86667
1890,10002.2617206,7.87083
1891,10002.2658872,7.875
1892,10002.2700538,7.87917
1893,10002.2742204,7.88333
1894,10002.278387,7.8875
1895,10002.2825536,7.89167
1896,10002.2867202,7.89583
1897,10002.2908868,7.9
1898,10002.2950534,7.90417
1899,10002.29922,7.90833
1900,10002.3033866,7.9125
1901,10002.3075532,7.91667
1902,10002.3117198,7.92083
1903,10002.3158864,7.925
1904,10002.320053,7.92917
1905,10002.3242196,7.93333
1906,10002.3283862,7.9375
1907,10002.3325528,7.94167
1908,10002.3367194,7.94583
1909,10002.340886,7.95
1910,10002.3450526,7.95417
1911,10002.3492192,7.95833
1912,10002.3533858,7.9625
1913,10002.3575524,7.96667
1914,10002.361719,7.97083
1915,10002.3658856,7.975
1916,10002.3700522,7.97917
1917,10002.3742188,7.98333
1918,10002.3783854,7.9875
1919,10002.382552,7.99167
1920,10002.3867186,7.99583
1921,10002.3908852,8
1922,10002.3950518,8.00417
1923,10002.3992184,8.00833
1924,10002.403385,8.0125
1925,10002.4075516,8.01667
1926,10002.4117182,8.02083
1927,10002.4158848,8.025
1928,10002.4200514,8.02917
1929,10002.424218,8.03333
1930,10002.4283846,8.0375
1931,10002.4325512,8.04167
1932,10002.4367178,8.04583
1933,10002.4408844,8.05
1934,10002.445051,8.05417
1935,10002.4492176,8.05833
1936,10002.4533842,8.0625
1937,10002.4575508,8.06667
1938,10002.4617174,8.07083
1939,10002.465884,8.075
1940,10002.4700506,8.07917
1941,10002.4742172,8.08333
1942,10002.4783838,8.0875
1943,10002.4825504,8.09167
1944,10002.486717,8.09583
1945,10002.4908836,8.1
1946,10002.4950502,8.10417
1947,10002.4992168,8.10833
1948,10002.5033834,8.1125
1949,10002.50755,8.11667
1950,10002.5117166,8.12083
1951,10002.5158832,8.125
1952,10002.5200498,8.12917
1953,10002.5242164,8.13333
1954,10002.528383,8.1375
1955,10002.5325496,8.14167
1956,10002.5367162,8.14583
1957,10002.5408828,8.15
1958,10002.5450494,8.15417
1959,10002.549216,8.15833
1960,10002.5533826,8.1625
1961,10002.5575492,8.16667
1962,10002.5617158,8.17083
1963,10002.5658824,8.175
1964,10002.570049,8.17917
1965,10002.5742156,8.18333
1966,10002.5783822,8.1875
1967,10002.5825488,8.19167
1968,10002.5867154,8.19583
1969,10002.590882,8.2
1970,10002.5950486,8.20417
1971,10002.5992152,8.20833
1972,10002.6033818,8.2125
1973,10002.6075484,8.21667
1974,10002.611715,8.22083
1975,10002.6158816,8.225
1976,10002.6200482,8.22917
1977,10002.6242148,8.23333
1978,10002.6283814,8.2375
1979,10002.632548,8.24167
1980,10002.6367146,8.24583
1981,10002.6408812,8.25
1982,10002.6450478,8.25417
1983,10002.6492144,8.25833
1984,10002.653381,8.2625
1985,10002.6575476,8.26667
1986,10002.6617142,8.27083
1987,10002.6658808,8.275
1988,10002.6700474,8.27917
1989,10002.674214,8.28333
1990,10002.6783806,8.2875
1991,10002.6825472,8.29167
1992,10002.6867138,8.29583
1993,10002.6908804,8.3
1994,10002.695047,8.30417
1995,10002.6992136,8.30833
1996,10002.7033802,8.3125
1997,10002.7075468,8.31667
1998,10002.7117134,8.32083
1999,10002.71588,8.325
2000,10002.7200466,8.32917
2001,10002.7242132,8.33333
2002,10002.7283798,8.3375
2003,10002.7325464,8.34167
2004,10002.736713,8.34583
2005,10002.7408796,8.35
2006,10002.7450462,8.35417
2007,10002.7492128,8.35833
2008,10002.7533794,8.3625
2009,10002.757546,8.36667
2010,10002.7617126,8.37083
2011,10002.7658792,8.375
2012,10002.7700458,8.37917
2013,10002.7742124,8.38333
2014,10002.778379,8.3875
2015,10002.7825456,8.39167
2016,10002.7867122,8.39583
2017,10002.7908788,8.4
2018,10002.7950454,8.40417
2019,10002.799212,8.40833
2020,10002.8033786,8.4125
2021,10002.8075452,8.41667
2022,10002.8117118,8.42083
2023,10002.8158784,8.425
2024,10002.820045,8.42917
2025,10002.8242116,8.43333
2026,10002.8283782,8.4375
2027,10002.8325448,8.44167
2028,10002.8367114,8.44583
2029,10002.840878,8.45
2030,10002.8450446,8.45417
2031,10002.8492112,8.45833
2032,10002.8533778,8.4625
2033,10002.8575444,8.46667
2034,10002.861711,8.47083
2035,10002.8658776,8.475
2036,10002.8700442,8.47917
2037,10002.8742108,8.48333
2038,10002.8783774,8.4875
2039,10002.882544,8.49167
2040,10002.8867106,8.49583
2041,10002.8908772,8.5
2042,10002.8950438,8.50417
2043,10002.8992104,8.50833
2044,10002.903377,8.5125
2045,10002.9075436,8.51667
2046,10002.9117102,8.52083
2047,10002.9158768,8.525
2048,10002.9200434,8.52917
2049,10002.92421,8.53333
2050,10002.9283766,8.5375
2051,10002.9325432,8.54167
2052,10002.9367098,8.54583
2053,10002.9408764,8.55
2054,10002.945043,8.55417
2055,10002.9492096,8.55833
2056,10002.9533762,8.5625
2057,10002.9575428,8.56667
2058,10002.9617094,8.57083
2059,10002.965876,8.575
2060,10002.9700426,8.57917
2061,10002.9742092,8.58333
2062,10002.9783758,8.5875
2063,10002.9825424,8.59167
2064,10002.986709,8.59583
2065,10002.9908756,8.6
2066,10002.9950422,8.60417
2067,10002.9992088,8.60833
2068,10003.0033754,8.6125
2069,10003.007542,8.61667
2070,10003.0117086,8.62083
2071,10003.0158752,8.625
2072,10003.0200418,8.62917
2073,10003.0242084,8.63333
2074,10003.028375,8.6375
2075,10003.0325416,8.64167
2076,10003.0367082,8.64583
2077,10003.0408748,8.65
2078,10003.0450414,8.65417
2079,10003.049208,8.65833
2080,10003.0533746,8.6625
2081,10003.0575412,8.66667
2082,10003.0617078,8.67083
2083,10003.0658744,8.675
2084,10003.070041,8.67917
2085,10003.0742076,8.68333
2086,10003.0783742,8.6875
2087,10003.0825408,8.69167
2088,10003.0867074,8.69583
2089,10003.090874,8.7
2090,10003.0950406,8.70417
2091,10003.0992072,8.70833
2092,10003.1033738,8.7125
2093,10003.1075404,8.71667
2094,10003.111707,8.72083
2095,10003.1158736,8.725
2096,10003.1200402,8.72917
2097,10003.1242068,8.73333
2098,10003.1283734,8.7375
2099,10003.13254,8.74167
2100,10003.1367066,8.74583
2101,10003.1408732,8.75
2102,10003.1450398,8.75417
2103,10003.1492064,8.75833
2104,10003.153373,8.7625
2105,10003.1575396,8.76667
2106,10003.1617062,8.77083
2107,10003.1658728,8.775
2108,10003.1700394,8.77917
2109,10003.174206,8.78333
2110,10003.1783726,8.7875
2111,10003.1825392,8.79167
2112,10003.1867058,8.79583
2113,10003.1908724,8.8
2114,10003.195039,8.80417
2115,10003.1992056,8.80833
2116,10003.2033722,8.8125
2117,10003.2075388,8.81667
2118,10003.2117054,8.82083
2119,10003.215872,8.825
2120,10003.2200386,8.82917
2121,10003.2242052,8.83333
2122,10003.2283718,8.8375
2123,10003.2325384,8.84167
2124,10003.236705,8.84583
2125,10003.2408716,8.85
2126,10003.2450382,8.85417
2127,10003.2492048,8.85833
2128,10003.2533714,8.8625
2129,10003.257538,8.86667
2130,10003.2617046,8.87083
2131,10003.2658712,8.875
2132,10003.2700378,8.87917
2133,10003.2742044,8.88333
2134,10003.278371,8.8875
2135,10003.2825376,8.89167
2136,10003.2867042,8.89583
2137,10003.2908708,8.9
2138,10003.2950374,8.90417
2139,10003.299204,8.90833
2140,10003.3033706,8.9125
2141,10003.3075372,8.91667
2142,10003.3117038,8.92083
2143,10003.3158704,8.925
2144,10003.320037,8.92917
2145,10003.3242036,8.93333
2146,10003.3283702,8.9375
2147,10003.3325368,8.94167
2148,10003.3367034,8.94583
2149,10003.34087,8.95
2150,10003.3450366,8.95417
2151,10003.3492032,8.95833
2152,10003.3533698,8.9625
2153,10003.3575364,8.96667
2154,10003.361703,8.97083
2155,10003.3658696,8.975
2156,10003.3700362,8.97917
2157,10003.3742028,8.98333
2158,10003.3783694,8.9875
2159,10003.382536,8.99167
2160,10003.3867026,8.99583
2161,10003.3908692,9
2162,10003.3950358,9.00417
2163,10003.3992024,9.00833
2164,10003.403369,9.0125
2165,10003.4075356,9.01667
2166,10003.4117022,9.02083
2167,10003.4158688,9.025
2168,10003.4200354,9.02917
2169,10003.424202,9.03333
2170,10003.4283686,9.0375
2171,10003.4325352,9.04167
2172,10003.4367018,9.04583
2173,10003.4408684,9.05
2174,10003.445035,9.05417
2175,10003.4492016,9.05833
2176,10003.4533682,9.0625
2177,10003.4575348,9.06667
2178,10003.4617014,9.07083
2179,10003.465868,9.075
2180,10003.4700346,9.07917
2181,10003.4742012,9.08333
2182,10003.4783678,9.0875
2183,10003.4825344,9.09167
2184,10003.486701,9.09583
2185,10003.4908676,9.1
2186,10003.4950342,9.10417
2187,10003.4992008,9.10833
2188,10003.5033674,9.1125
2189,10003.507534,9.11667
2190,10003.5117006,9.12083
2191,10003.5158672,9.125
2192,10003.5200338,9.12917
2193,10003.5242004,9.13333
2194,10003.528367,9.1375
2195,10003.5325336,9.14167
2196,10003.5367002,9.14583
2197,10003.5408668,9.15
2198,10003.5450334,9.15417
2199,10003.5492,9.15833
2200,10003.5533666,9.1625
2201,10003.5575332,9.16667
2202,10003.5616998,9.17083
2203,10003.5658664,9.175
2204,10003.570033,9.17917
2205,10003.5741996,9.18333
2206,10003.5783662,9.1875
2207,10003.5825328,9.19167
2208,10003.5866994,9.19583
2209,10003.590866,9.2
2210,10003.5950326,9.20417
2211,10003.5991992,9.20833
2212,10003.6033658,9.2125
2213,10003.6075324,9.21667
2214,10003.611699,9.22083
2215,10003.6158656,9.225
2216,10003.6200322,9.22917
2217,10003.6241988,9.23333
2218,10003.6283654,9.2375
2219,10003.632532,9.24167
2220,10003.6366986,9.24583
2221,10003.6408652,9.25
2222,10003.6450318,9.25417
2223,10003.6491984,9.25833
2224,10003.653365,9.2625
2225,10003.6575316,9.26667
2226,10003.6616982,9.27083
2227,10003.6658648,9.275
2228,10003.6700314,9.27917
2229,10003.674198,9.28333
2230,10003.6783646,9.2875
2231,10003.6825312,9.29167
2232,10003.6866978,9.29583
2233,10003.6908644,9.3
2234,10003.695031,9.30417
2235,10003.6991976,9.30833
2236,10003.7033642,9.3125
2237,10003.7075308,9.31667
2238,10003.7116974,9.32083
2239,10003.715864,9.325
2240,10003.7200306,9.32917
2241,10003.7241972,9.33333
2242,10003.7283638,9.3375
2243,10003.7325304,9.34167
2244,10003.736697,9.34583
2245,10003.7408636,9.35
2246,10003.7450302,9.35417
2247,10003.7491968,9.35833
2248,10003.7533634,9.3625
2249,10003.75753,9.36667
2250,10003.7616966,9.37083
2251,10003.7658632,9.375
2252,10003.7700298,9.37917
2253,10003.7741964,9.38333
2254,10003.778363,9.3875
2255,10003.7825296,9.39167
2256,10003.7866962,9.39583
2257,10003.7908628,9.4
2258,10003.7950294,9.40417
2259,10003.799196,9.40833
2260,10003.8033626,9.4125
2261,10003.8075292,9.41667
2262,10003.8116958,9.42083
2263,10003.8158624,9.425
2264,10003.820029,9.42917
2265,10003.8241956,9.43333
2266,10003.8283622,9.4375
2267,10003.8325288,9.44167
2268,10003.8366954,9.44583
2269,10003.840862,9.45
2270,10003.8450286,9.45417
2271,10003.8491952,9.45833
2272,10003.8533618,9.4625
2273,10003.8575284,9.46667
2274,10003.861695,9.47083
2275,10003.8658616,9.475
2276,10003.8700282,9.47917
2277,10003.8741948,9.48333
2278,10003.8783614,9.4875
2279,10003.882528,9.49167
2280,10003.8866946,9.49583
2281,10003.8908612,9.5
2282,10003.8950278,9.50417
2283,10003.8991944,9.50833
2284,10003.903361,9.5125
2285,10003.9075276,9.51667
2286,10003.9116942,9.52083
2287,10003.9158608,9.525
2288,10003.9200274,9.52917
2289,10003.924194,9.53333
2290,10003.9283606,9.5375
2291,10003.9325272,9.54167
2292,10003.9366938,9.54583
2293,10003.9408604,9.55
2294,10003.945027,9.55417
2295,10003.9491936,9.55833
2296,10003.9533602,9.5625
2297,10003.9575268,9.56667
2298,10003.9616934,9.57083
2299,10003.96586,9.575
2300,10003.9700266,9.57917
2301,10003.9741932,9.58333
2302,10003.9783598,9.5875
2303,10003.9825264,9.59167
2304,10003.986693,9.59583
2305,10003.9908596,9.6
2306,10003.9950262,9.60417
2307,10003.9991928,9.60833
2308,10004.0033594,9.6125
2309,10004.007526,9.61667
2310,10004.0116926,9.62083
2311,10004.0158592,9.625
2312,10004.0200258,9.62917
2313,10004.0241924,9.63333
2314,10004.028359,9.6375
2315,10004.0325256,9.64167
2316,10004.0366922,9.64583
2317,10004.0408588,9.65
2318,10004.0450254,9.65417
2319,10004.049192,9.65833
2320,10004.0533586,9.6625
2321,10004.0575252,9.66667
2322,10004.0616918,9.67083
2323,10004.0658584,9.675
2324,10004.070025,9.67917
2325,10004.0741916,9.68333
2326,10004.0783582,9.6875
2327,10004.0825248,9.69167
2328,10004.0866914,9.69583
2329,10004.090858,9.7
2330,10004.0950246,9.70417
2331,10004.0991912,9.70833
2332,10004.1033578,9.7125
2333,10004.1075244,9.71667
2334,10004.111691,9.72083
2335,10004.1158576,9.725
2336,10004.1200242,9.72917
2337,10004.1241908,9.73333
2338,10004.1283574,9.7375
2339,10004.132524,9.74167
2340,10004.1366906,9.74583
2341,10004.1408572,9.75
2342,10004.1450238,9.75417
2343,10004.1491904,9.75833
2344,10004.153357,9.7625
2345,10004.1575236,9.76667
2346,10004.1616902,9.77083
2347,10004.1658568,9.775
2348,10004.1700234,9.77917
2349,10004.17419,9.78333
2350,10004.1783566,9.7875
2351,10004.1825232,9.79167
2352,10004.1866898,9.79583
2353,10004.1908564,9.8
2354,10004.195023,9.80417
2355,10004.1991896,9.80833
2356,10004.2033562,9.8125
2357,10004.2075228,9.81667
2358,10004.2116894,9.82083
2359,10004.215856,9.825
2360,10004.2200226,9.82917
2361,10004.2241892,9.83333
2362,10004.2283558,9.8375
2363,10004.2325224,9.84167
2364,10004.236689,9.84583
2365,10004.2408556,9.85
2366,10004.2450222,9.85417
2367,10004.2491888,9.85833
2368,10004.2533554,9.8625
2369,10004.257522,9.86667
2370,10004.2616886,9.87083
2371,10004.2658552,9.875
2372,10004.2700218,9.87917
2373,10004.2741884,9.88333
2374,10004.278355,9.8875
2375,10004.2825216,9.89167
2376,10004.2866882,9.89583
2377,10004.2908548,9.9
2378,10004.2950214,9.90417
2379,10004.299188,9.90833
2380,10004.3033546,9.9125
2381,10004.3075212,9.91667
2382,10004.3116878,9.92083
2383,10004.3158544,9.925
2384,10004.320021,9.92917
